text/01.txt,audio/Raghuvamsham-01.mp3
text/02.txt,audio/Raghuvamsham-02.mp3
text/03.txt,audio/Raghuvamsham-03.mp3
text/04.txt,audio/Raghuvamsham-04.mp3
text/05.txt,audio/Raghuvamsham-05.mp3
text/06.txt,audio/Raghuvamsham-06.mp3
text/07.txt,audio/Raghuvamsham-07.mp3
text/08.txt,audio/Raghuvamsham-08.mp3
text/09.txt,audio/Raghuvamsham-09.mp3
text/10.txt,audio/Raghuvamsham-10.mp3
text/11.txt,audio/Raghuvamsham-11.mp3
text/12.txt,audio/Raghuvamsham-12.mp3
text/13.txt,audio/Raghuvamsham-13.mp3
text/14.txt,audio/Raghuvamsham-14.mp3
text/15.txt,audio/Raghuvamsham-15.mp3
text/16.txt,audio/Raghuvamsham-16.mp3
text/17.txt,audio/Raghuvamsham-17.mp3
text/18.txt,audio/Raghuvamsham-18.mp3
text/19.txt,audio/Raghuvamsham-19.mp3
